PRODUKT;ERSTELLT;ZAHLUNGSSTATUS;METHODE;PLAN;FAeLLIGER BETRAG;WAeHRUNG;ZAHLUNGSPLAN;ZAHLUNGSPLAN ID;CAMPAIGN-ID;LAND
Fugmann's Trading Woche;03.03.2026 04:21;Aktiv;Kreditkarte;Abonnement;99,0;EUR;Quartals Mitgliedschaft (inklusive 30 Tage Geld-zurueck-Garantie);579217;20260225-Finanzmarktwelt-YT-Channel-LP2;Schweiz
Fugmann's Trading Woche;03.03.2026 10:56;Aktiv;Kreditkarte;Abonnement;89,0;EUR;Quartals Mitgliedschaft (inklusive 30 Tage Geld-zurueck-Garantie);579212;20260225-LP2-YTC;Deutschland
Fugmann's Trading Woche;03.03.2026 11:03;Aktiv;Sepa;Abonnement;89,0;EUR;Quartals Mitgliedschaft (inklusive 30 Tage Geld-zurueck-Garantie);579212;20260225-LP2-YTC;Deutschland
Fugmann's Trading Woche;03.03.2026 11:18;Aktiv;Sepa;Abonnement;297,0;EUR;Jahres Mitgliedschaft (inklusive 30 Tage Geld-zurueck-Garantie);460228;20260225-LP2-YTC;Deutschland
Fugmann's Trading Woche;03.03.2026 12:32;Aktiv;Sepa;Abonnement;297,0;EUR;Jahres Mitgliedschaft (inklusive 30 Tage Geld-zurueck-Garantie);460228;20260225-LP2-YTC;Deutschland
Fugmann's Trading Woche;03.03.2026 12:38;Aktiv;Google Pay;Abonnement;169,0;EUR;Halbjahres Mitgliedschaft (inklusive 30 Tage Geld-zurueck-Garantie);579237;20260225-LP2-YTC;Deutschland
Fugmann's Trading Woche;03.03.2026 12:57;Aktiv;Kreditkarte;Abonnement;297,0;EUR;Jahres Mitgliedschaft (inklusive 30 Tage Geld-zurueck-Garantie);460228;20260225-LP2-YTC;Deutschland
Fugmann's Trading Woche;03.03.2026 13:02;Aktiv;Sepa;Abonnement;89,0;EUR;Quartals Mitgliedschaft (inklusive 30 Tage Geld-zurueck-Garantie);579212;20260225-LP2-YTC;Deutschland
Fugmann's Trading Woche;03.03.2026 20:10;Aktiv;Kreditkarte;Abonnement;297,0;EUR;Jahres Mitgliedschaft (inklusive 30 Tage Geld-zurueck-Garantie);460228;20260225-LP2-YTC;Deutschland
Fugmann's Trading Woche;03.03.2026 20:24;Aktiv;Kreditkarte;Abonnement;89,0;EUR;Quartals Mitgliedschaft (inklusive 30 Tage Geld-zurueck-Garantie);579212;20260225-LP2-YTC;Schweiz
Fugmann's Trading Woche;03.03.2026 21:24;Aktiv;Kreditkarte;Abonnement;79,0;EUR;Quartals Mitgliedschaft;460229;20240928FMWYT;Deutschland
Fugmann's Trading Woche;04.03.2026 08:15;Aktiv;Sepa;Abonnement;79,0;EUR;Quartals Mitgliedschaft;460229;20241001FMWWSAT;Deutschland
Fugmann's Trading Woche;04.03.2026 09:08;Aktiv;Kreditkarte;Abonnement;297,0;EUR;Jahres Mitgliedschaft (inklusive 30 Tage Geld-zurueck-Garantie);460228;20260225-LP2-YTC;Deutschland
Fugmann's Trading Woche;04.03.2026 15:40;Aktiv;Sepa;Abonnement;89,0;EUR;Quartals Mitgliedschaft (inklusive 30 Tage Geld-zurueck-Garantie);579212;20260225-LP2-YTC;Deutschland
Fugmann's Trading Woche;04.03.2026 19:49;Aktiv;Sepa;Abonnement;89,0;EUR;Quartals Mitgliedschaft (inklusive 30 Tage Geld-zurueck-Garantie);579212;20260225-LP2-YTC;Deutschland
Fugmann's Trading Woche;04.03.2026 19:49;Aktiv;Sepa;Abonnement;89,0;EUR;Quartals Mitgliedschaft (inklusive 30 Tage Geld-zurueck-Garantie);579212;20260225-LP2-YTC;Oesterreich
Fugmann's Trading Woche;04.03.2026 19:50;Aktiv;Kreditkarte;Abonnement;89,0;EUR;Quartals Mitgliedschaft (inklusive 30 Tage Geld-zurueck-Garantie);579212;20260225-LP2-YTC;Deutschland
Fugmann's Trading Woche;04.03.2026 19:51;Aktiv;Sepa;Abonnement;89,0;EUR;Quartals Mitgliedschaft (inklusive 30 Tage Geld-zurueck-Garantie);579212;20260225-LP2-YTC;Deutschland
Fugmann's Trading Woche;04.03.2026 20:00;Aktiv;Google Pay;Abonnement;297,0;EUR;Jahres Mitgliedschaft (inklusive 30 Tage Geld-zurueck-Garantie);460228;20260225-LP2-YTC;Schweiz
Fugmann's Trading Woche;04.03.2026 20:02;Aktiv;Kreditkarte;Abonnement;297,0;EUR;Jahres Mitgliedschaft (inklusive 30 Tage Geld-zurueck-Garantie);460228;20260225-LP2-YTC;Deutschland
Fugmann's Trading Woche;04.03.2026 20:04;Aktiv;Sepa;Abonnement;89,0;EUR;Quartals Mitgliedschaft (inklusive 30 Tage Geld-zurueck-Garantie);579212;20260225-LP2-YTC;Deutschland
Fugmann's Trading Woche;04.03.2026 20:27;Aktiv;Kreditkarte;Abonnement;297,0;EUR;Jahres Mitgliedschaft (inklusive 30 Tage Geld-zurueck-Garantie);460228;20260225-LP2-YTC;Deutschland
Fugmann's Trading Woche;04.03.2026 20:32;Aktiv;Sepa;Abonnement;89,0;EUR;Quartals Mitgliedschaft (inklusive 30 Tage Geld-zurueck-Garantie);579212;20260225-LP2-YTC;Spanien
Fugmann's Trading Woche;04.03.2026 20:46;Aktiv;Sepa;Abonnement;89,0;EUR;Quartals Mitgliedschaft (inklusive 30 Tage Geld-zurueck-Garantie);579212;20260225-LP2-YTC;Deutschland
Fugmann's Trading Woche;04.03.2026 20:47;Aktiv;Sepa;Abonnement;297,0;EUR;Jahres Mitgliedschaft (inklusive 30 Tage Geld-zurueck-Garantie);460228;20260225-LP2-YTC;Deutschland
Fugmann's Trading Woche;04.03.2026 20:59;Aktiv;Sepa;Abonnement;89,0;EUR;Quartals Mitgliedschaft (inklusive 30 Tage Geld-zurueck-Garantie);579212;20260225-LP2-YTC;Deutschland
Fugmann's Trading Woche;04.03.2026 21:24;Aktiv;Google Pay;Abonnement;89,0;EUR;Quartals Mitgliedschaft (inklusive 30 Tage Geld-zurueck-Garantie);579212;20260225-LP2-YTC;Schweiz
Fugmann's Trading Woche;04.03.2026 21:34;Aktiv;Sepa;Abonnement;89,0;EUR;Quartals Mitgliedschaft (inklusive 30 Tage Geld-zurueck-Garantie);579212;20260225-LP2-YTC;Deutschland
Fugmann's Trading Woche;04.03.2026 21:34;Aktiv;Kreditkarte;Abonnement;297,0;EUR;Jahres Mitgliedschaft (inklusive 30 Tage Geld-zurueck-Garantie);460228;20260225-LP2-YTC;Deutschland
Fugmann's Trading Woche;04.03.2026 21:50;Aktiv;Sepa;Abonnement;297,0;EUR;Jahres Mitgliedschaft (inklusive 30 Tage Geld-zurueck-Garantie);460228;20260225-LP2-YTC;Deutschland
Fugmann's Trading Woche;04.03.2026 21:51;Aktiv;Sepa;Abonnement;89,0;EUR;Quartals Mitgliedschaft (inklusive 30 Tage Geld-zurueck-Garantie);579212;20260225-LP2-YTC;Deutschland
Fugmann's Trading Woche;04.03.2026 22:21;Aktiv;Kreditkarte;Abonnement;89,0;EUR;Quartals Mitgliedschaft (inklusive 30 Tage Geld-zurueck-Garantie);579212;20260225-LP2-YTC;Slowenien
Fugmann's Trading Woche;05.03.2026 00:47;Aktiv;Kreditkarte;Abonnement;297,0;EUR;Jahres Mitgliedschaft (inklusive 30 Tage Geld-zurueck-Garantie);460228;20260225-LP2-YTC;Deutschland
Fugmann's Trading Woche;05.03.2026 03:22;Aktiv;Kreditkarte;Abonnement;89,0;EUR;Quartals Mitgliedschaft (inklusive 30 Tage Geld-zurueck-Garantie);579212;20260225-LP2-YTC;Zypern
Fugmann's Trading Woche;05.03.2026 04:24;Aktiv;Google Pay;Abonnement;89,0;EUR;Quartals Mitgliedschaft (inklusive 30 Tage Geld-zurueck-Garantie);579212;20260225-LP2-YTC;Deutschland
Fugmann's Trading Woche;05.03.2026 07:24;Aktiv;Google Pay;Abonnement;89,0;EUR;Quartals Mitgliedschaft (inklusive 30 Tage Geld-zurueck-Garantie);579212;20260225-LP2-YTC;Deutschland
Fugmann's Trading Woche;05.03.2026 07:52;Aktiv;Sepa;Abonnement;89,0;EUR;Quartals Mitgliedschaft (inklusive 30 Tage Geld-zurueck-Garantie);579212;20260225-LP2-YTC;Deutschland
Fugmann's Trading Woche;05.03.2026 08:03;Aktiv;Sepa;Abonnement;297,0;EUR;Jahres Mitgliedschaft (inklusive 30 Tage Geld-zurueck-Garantie);460228;20260225-LP2-YTC;Deutschland
Fugmann's Trading Woche;05.03.2026 08:07;Aktiv;Kreditkarte;Abonnement;297,0;EUR;Jahres Mitgliedschaft (inklusive 30 Tage Geld-zurueck-Garantie);460228;20260225-LP2-YTC;Deutschland
Fugmann's Trading Woche;05.03.2026 08:49;Aktiv;Sepa;Abonnement;89,0;EUR;Quartals Mitgliedschaft (inklusive 30 Tage Geld-zurueck-Garantie);579212;20260225-LP2-YTC;Deutschland
Fugmann's Trading Woche;05.03.2026 08:56;Aktiv;Sepa;Abonnement;297,0;EUR;Jahres Mitgliedschaft (inklusive 30 Tage Geld-zurueck-Garantie);460228;20260225-LP2-YTC;Deutschland
Fugmann's Trading Woche;05.03.2026 09:02;Aktiv;Sepa;Abonnement;329,0;EUR;Jahresmitgliedschaft (inklusive 30 Tage Geld-zurueck-Garantie);579240;20250925GAMRK;Deutschland
Fugmann's Trading Woche;05.03.2026 10:28;Aktiv;Sepa;Abonnement;89,0;EUR;Quartals Mitgliedschaft (inklusive 30 Tage Geld-zurueck-Garantie);579212;20260225-LP2-YTC;Deutschland
Fugmann's Trading Woche;05.03.2026 10:32;Aktiv;Google Pay;Abonnement;89,0;EUR;Quartals Mitgliedschaft (inklusive 30 Tage Geld-zurueck-Garantie);579212;20260225-LP2-YTC;Deutschland
Fugmann's Trading Woche;05.03.2026 10:45;Aktiv;Sepa;Abonnement;169,0;EUR;Halbjahres Mitgliedschaft (inklusive 30 Tage Geld-zurueck-Garantie);579237;20260225-LP2-YTC;Deutschland
Fugmann's Trading Woche;05.03.2026 10:53;Aktiv;Kreditkarte;Abonnement;89,0;EUR;Quartals Mitgliedschaft (inklusive 30 Tage Geld-zurueck-Garantie);579212;20260225-LP2-YTC;Deutschland
Fugmann's Trading Woche;05.03.2026 11:19;Aktiv;Kreditkarte;Abonnement;149,0;EUR;Halbjahres Mitgliedschaft (inklusive 30 Tage Geld-zurueck-Garantie);487937;20250925GAMRK;Deutschland
Fugmann's Trading Woche;05.03.2026 11:27;Aktiv;Kreditkarte;Abonnement;89,0;EUR;Quartals Mitgliedschaft (inklusive 30 Tage Geld-zurueck-Garantie);579212;;Deutschland
Fugmann's Trading Woche;05.03.2026 11:38;Aktiv;Kreditkarte;Abonnement;89,0;EUR;Quartals Mitgliedschaft (inklusive 30 Tage Geld-zurueck-Garantie);579212;20260225-LP2-YTC;Oesterreich
Fugmann's Trading Woche;05.03.2026 12:12;Aktiv;Kreditkarte;Abonnement;89,0;EUR;Quartals Mitgliedschaft (inklusive 30 Tage Geld-zurueck-Garantie);579212;20260225-LP2-YTC;Schweiz
Fugmann's Trading Woche;05.03.2026 12:23;Aktiv;Sepa;Abonnement;89,0;EUR;Quartals Mitgliedschaft (inklusive 30 Tage Geld-zurueck-Garantie);579212;20260225-LP2-YTC;Deutschland
Fugmann's Trading Woche;05.03.2026 12:58;Aktiv;Sepa;Abonnement;89,0;EUR;Quartals Mitgliedschaft (inklusive 30 Tage Geld-zurueck-Garantie);579212;20260225-LP2-YTC;Deutschland
Fugmann's Trading Woche;05.03.2026 13:10;Aktiv;Kreditkarte;Abonnement;89,0;EUR;Quartals Mitgliedschaft (inklusive 30 Tage Geld-zurueck-Garantie);579212;20260305-LP2-FMWNL;Deutschland
Fugmann's Trading Woche;05.03.2026 13:21;Aktiv;Google Pay;Abonnement;89,0;EUR;Quartals Mitgliedschaft (inklusive 30 Tage Geld-zurueck-Garantie);579212;20260225-LP2-YTC;Deutschland
Fugmann's Trading Woche;05.03.2026 13:55;Aktiv;Kreditkarte;Abonnement;89,0;EUR;Quartals Mitgliedschaft (inklusive 30 Tage Geld-zurueck-Garantie);579212;;Deutschland
Fugmann's Trading Woche;05.03.2026 13:59;Aktiv;Sepa;Abonnement;89,0;EUR;Quartals Mitgliedschaft (inklusive 30 Tage Geld-zurueck-Garantie);579212;20260225-LP2-YTC;Deutschland
Fugmann's Trading Woche;05.03.2026 14:25;Aktiv;Sepa;Abonnement;297,0;EUR;Jahres Mitgliedschaft (inklusive 30 Tage Geld-zurueck-Garantie);460228;20260225-LP2-YTC;Deutschland
Fugmann's Trading Woche;05.03.2026 14:46;Aktiv;Sepa;Abonnement;297,0;EUR;Jahres Mitgliedschaft (inklusive 30 Tage Geld-zurueck-Garantie);460228;20260225-LP2-YTC;Deutschland
Fugmann's Trading Woche;05.03.2026 15:02;Aktiv;Sepa;Abonnement;89,0;EUR;Quartals Mitgliedschaft (inklusive 30 Tage Geld-zurueck-Garantie);579212;20260225-LP2-YTC;Deutschland
Fugmann's Trading Woche;05.03.2026 15:33;Aktiv;Kreditkarte;Abonnement;99,0;EUR;Quartals Mitgliedschaft (inklusive 30 Tage Geld-zurueck-Garantie);579217;20250211FMWWSNV;Deutschland
Fugmann's Trading Woche;05.03.2026 17:09;Aktiv;Sepa;Abonnement;169,0;EUR;Halbjahres Mitgliedschaft (inklusive 30 Tage Geld-zurueck-Garantie);579237;20260225-LP2-YTC;Deutschland
Fugmann's Trading Woche;05.03.2026 18:42;Aktiv;Kreditkarte;Abonnement;89,0;EUR;Quartals Mitgliedschaft (inklusive 30 Tage Geld-zurueck-Garantie);579212;20260225-LP2-YTC;Deutschland
Fugmann's Trading Woche;05.03.2026 20:00;Aktiv;Google Pay;Abonnement;89,0;EUR;Quartals Mitgliedschaft (inklusive 30 Tage Geld-zurueck-Garantie);579212;20260225-LP2-YTC;Tschechien
Fugmann's Trading Woche;05.03.2026 20:02;Aktiv;Sepa;Abonnement;297,0;EUR;Jahres Mitgliedschaft (inklusive 30 Tage Geld-zurueck-Garantie);460228;20260225-LP2-YTC;Oesterreich
Fugmann's Trading Woche;05.03.2026 20:13;Aktiv;Sepa;Abonnement;89,0;EUR;Quartals Mitgliedschaft (inklusive 30 Tage Geld-zurueck-Garantie);579212;20260225-LP2-YTC;Deutschland
Fugmann's Trading Woche;05.03.2026 20:15;Aktiv;Apple Pay;Abonnement;79,0;EUR;Quartals Mitgliedschaft;460229;20240928FMWYT;Deutschland
Fugmann's Trading Woche;05.03.2026 20:19;Aktiv;Kreditkarte;Abonnement;89,0;EUR;Quartals Mitgliedschaft (inklusive 30 Tage Geld-zurueck-Garantie);579212;20260225-LP2-YTC;Deutschland
Fugmann's Trading Woche;05.03.2026 20:25;Aktiv;Sepa;Abonnement;89,0;EUR;Quartals Mitgliedschaft (inklusive 30 Tage Geld-zurueck-Garantie);579212;20260225-LP2-YTC;Deutschland
Fugmann's Trading Woche;05.03.2026 20:34;Aktiv;Sepa;Abonnement;89,0;EUR;Quartals Mitgliedschaft (inklusive 30 Tage Geld-zurueck-Garantie);579212;20260225-LP2-YTC;Deutschland
Fugmann's Trading Woche;05.03.2026 20:34;Aktiv;Sepa;Abonnement;89,0;EUR;Quartals Mitgliedschaft (inklusive 30 Tage Geld-zurueck-Garantie);579212;20260225-LP2-YTC;Deutschland
Fugmann's Trading Woche;05.03.2026 20:36;Aktiv;Google Pay;Abonnement;89,0;EUR;Quartals Mitgliedschaft (inklusive 30 Tage Geld-zurueck-Garantie);579212;20260225-LP2-YTC;Deutschland
Fugmann's Trading Woche;05.03.2026 21:42;Aktiv;Sepa;Abonnement;89,0;EUR;Quartals Mitgliedschaft (inklusive 30 Tage Geld-zurueck-Garantie);579212;20260225-LP2-YTC;Deutschland
Fugmann's Trading Woche;05.03.2026 21:46;Aktiv;Google Pay;Abonnement;89,0;EUR;Quartals Mitgliedschaft (inklusive 30 Tage Geld-zurueck-Garantie);579212;20260305-LP2-FMWNL;Deutschland
Fugmann's Trading Woche;05.03.2026 21:47;Aktiv;Google Pay;Abonnement;99,0;EUR;Quartals Mitgliedschaft (inklusive 30 Tage Geld-zurueck-Garantie);579217;20250211FMWWSNV;Deutschland
Fugmann's Trading Woche;05.03.2026 22:29;Aktiv;Google Pay;Abonnement;89,0;EUR;Quartals Mitgliedschaft (inklusive 30 Tage Geld-zurueck-Garantie);579212;;Deutschland
Fugmann's Trading Woche;06.03.2026 01:15;Aktiv;Kreditkarte;Abonnement;89,0;EUR;Quartals Mitgliedschaft (inklusive 30 Tage Geld-zurueck-Garantie);579212;20260225-LP2-YTC;Deutschland
Fugmann's Trading Woche;06.03.2026 04:44;Aktiv;Sepa;Abonnement;89,0;EUR;Quartals Mitgliedschaft (inklusive 30 Tage Geld-zurueck-Garantie);579212;20260225-LP2-YTC;Deutschland
Fugmann's Trading Woche;06.03.2026 05:52;Aktiv;Kreditkarte;Abonnement;89,0;EUR;Quartals Mitgliedschaft (inklusive 30 Tage Geld-zurueck-Garantie);579212;20260225-LP2-YTC;Deutschland
Fugmann's Trading Woche;06.03.2026 06:37;Aktiv;Kreditkarte;Abonnement;89,0;EUR;Quartals Mitgliedschaft (inklusive 30 Tage Geld-zurueck-Garantie);579212;20260225-LP2-YTC;Deutschland
Fugmann's Trading Woche;06.03.2026 06:39;Aktiv;Kreditkarte;Abonnement;89,0;EUR;Quartals Mitgliedschaft (inklusive 30 Tage Geld-zurueck-Garantie);579212;20260225-LP2-YTC;Deutschland
Fugmann's Trading Woche;06.03.2026 06:46;Aktiv;Sepa;Abonnement;89,0;EUR;Quartals Mitgliedschaft (inklusive 30 Tage Geld-zurueck-Garantie);579212;20260225-LP2-YTC;Deutschland
Fugmann's Trading Woche;06.03.2026 06:55;Aktiv;Sepa;Abonnement;297,0;EUR;Jahres Mitgliedschaft (inklusive 30 Tage Geld-zurueck-Garantie);460228;20260225-LP2-YTC;Deutschland
Fugmann's Trading Woche;06.03.2026 07:03;Aktiv;Sepa;Abonnement;89,0;EUR;Quartals Mitgliedschaft (inklusive 30 Tage Geld-zurueck-Garantie);579212;20260305-LP2-FMWNL;Deutschland
Fugmann's Trading Woche;06.03.2026 07:14;Aktiv;Kreditkarte;Abonnement;89,0;EUR;Quartals Mitgliedschaft (inklusive 30 Tage Geld-zurueck-Garantie);579212;20260225-LP2-YTC;Deutschland
Fugmann's Trading Woche;06.03.2026 07:17;Aktiv;Kreditkarte;Abonnement;89,0;EUR;Quartals Mitgliedschaft (inklusive 30 Tage Geld-zurueck-Garantie);579212;20260225-LP2-YTC;Schweiz
Fugmann's Trading Woche;06.03.2026 07:35;Aktiv;Google Pay;Abonnement;297,0;EUR;Jahres Mitgliedschaft (inklusive 30 Tage Geld-zurueck-Garantie);460228;20260225-LP2-YTC;Deutschland
Fugmann's Trading Woche;06.03.2026 07:35;Aktiv;Kreditkarte;Abonnement;297,0;EUR;Jahres Mitgliedschaft (inklusive 30 Tage Geld-zurueck-Garantie);460228;20260225-LP2-YTC;Deutschland
Fugmann's Trading Woche;06.03.2026 07:43;Aktiv;Sepa;Abonnement;169,0;EUR;Halbjahres Mitgliedschaft (inklusive 30 Tage Geld-zurueck-Garantie);579237;20260305-LP2-FMWNL;Deutschland
Fugmann's Trading Woche;06.03.2026 07:46;Aktiv;Google Pay;Abonnement;89,0;EUR;Quartals Mitgliedschaft (inklusive 30 Tage Geld-zurueck-Garantie);579212;20260225-LP2-YTC;Deutschland
Fugmann's Trading Woche;06.03.2026 08:06;Aktiv;Kreditkarte;Abonnement;89,0;EUR;Quartals Mitgliedschaft (inklusive 30 Tage Geld-zurueck-Garantie);579212;20260225-LP2-YTC;Deutschland
Fugmann's Trading Woche;06.03.2026 08:12;Aktiv;Sepa;Abonnement;297,0;EUR;Jahres Mitgliedschaft (inklusive 30 Tage Geld-zurueck-Garantie);460228;20260225-LP2-YTC;Deutschland
Fugmann's Trading Woche;06.03.2026 08:32;Aktiv;Kreditkarte;Abonnement;297,0;EUR;Jahres Mitgliedschaft (inklusive 30 Tage Geld-zurueck-Garantie);460228;20260225-LP2-YTC;Deutschland
Fugmann's Trading Woche;06.03.2026 08:34;Aktiv;Sepa;Abonnement;329,0;EUR;Jahresmitgliedschaft (inklusive 30 Tage Geld-zurueck-Garantie);579240;20250211FMWWSNV;Deutschland
Fugmann's Trading Woche;06.03.2026 09:04;Aktiv;Kreditkarte;Abonnement;89,0;EUR;Quartals Mitgliedschaft (inklusive 30 Tage Geld-zurueck-Garantie);579212;20260225-LP2-YTC;Oesterreich
Fugmann's Trading Woche;06.03.2026 09:39;Aktiv;Sepa;Abonnement;297,0;EUR;Jahres Mitgliedschaft (inklusive 30 Tage Geld-zurueck-Garantie);460228;20260225-LP2-YTC;Oesterreich
Fugmann's Trading Woche;06.03.2026 10:04;Aktiv;Sepa;Abonnement;89,0;EUR;Quartals Mitgliedschaft (inklusive 30 Tage Geld-zurueck-Garantie);579212;20260306-FMWWS-Banner;Deutschland
Fugmann's Trading Woche;06.03.2026 10:05;Aktiv;Kreditkarte;Abonnement;169,0;EUR;Halbjahres Mitgliedschaft (inklusive 30 Tage Geld-zurueck-Garantie);579237;20260225-LP2-YTC;Schweiz
Fugmann's Trading Woche;06.03.2026 10:06;Aktiv;Google Pay;Abonnement;89,0;EUR;Quartals Mitgliedschaft (inklusive 30 Tage Geld-zurueck-Garantie);579212;20260225-LP2-YTC;Oesterreich
Fugmann's Trading Woche;06.03.2026 10:07;Aktiv;Kreditkarte;Abonnement;89,0;EUR;Quartals Mitgliedschaft (inklusive 30 Tage Geld-zurueck-Garantie);579212;20260225-LP2-YTC;Deutschland
Fugmann's Trading Woche;06.03.2026 10:14;Aktiv;Sepa;Abonnement;89,0;EUR;Quartals Mitgliedschaft (inklusive 30 Tage Geld-zurueck-Garantie);579212;20260225-LP2-YTC;Deutschland
Fugmann's Trading Woche;06.03.2026 10:27;Aktiv;Sepa;Abonnement;89,0;EUR;Quartals Mitgliedschaft (inklusive 30 Tage Geld-zurueck-Garantie);579212;20260225-LP2-YTC;Deutschland
Fugmann's Trading Woche;06.03.2026 10:33;Aktiv;Kreditkarte;Abonnement;89,0;EUR;Quartals Mitgliedschaft (inklusive 30 Tage Geld-zurueck-Garantie);579212;20260225-LP2-YTC;Deutschland
Fugmann's Trading Woche;06.03.2026 10:42;Aktiv;Sepa;Abonnement;89,0;EUR;Quartals Mitgliedschaft (inklusive 30 Tage Geld-zurueck-Garantie);579212;20260225-LP2-YTC;Deutschland
Fugmann's Trading Woche;06.03.2026 10:57;Aktiv;Sepa;Abonnement;297,0;EUR;Jahres Mitgliedschaft (inklusive 30 Tage Geld-zurueck-Garantie);460228;20260225-LP2-YTC;Deutschland
Fugmann's Trading Woche;06.03.2026 11:15;Aktiv;Kreditkarte;Abonnement;297,0;EUR;Jahres Mitgliedschaft (inklusive 30 Tage Geld-zurueck-Garantie);460228;;Deutschland
Fugmann's Trading Woche;06.03.2026 11:17;Aktiv;Google Pay;Abonnement;297,0;EUR;Jahres Mitgliedschaft (inklusive 30 Tage Geld-zurueck-Garantie);460228;20260225-LP2-YTC;Deutschland
Fugmann's Trading Woche;06.03.2026 11:20;Aktiv;Sepa;Abonnement;297,0;EUR;Jahres Mitgliedschaft (inklusive 30 Tage Geld-zurueck-Garantie);460228;20260225-LP2-YTC;Deutschland
Fugmann's Trading Woche;06.03.2026 11:25;Aktiv;Kreditkarte;Abonnement;89,0;EUR;Quartals Mitgliedschaft (inklusive 30 Tage Geld-zurueck-Garantie);579212;20260225-LP2-YTC;Ungarn
Fugmann's Trading Woche;06.03.2026 11:44;Aktiv;Sepa;Abonnement;297,0;EUR;Jahres Mitgliedschaft (inklusive 30 Tage Geld-zurueck-Garantie);460228;20260225-LP2-YTC;Deutschland
Fugmann's Trading Woche;06.03.2026 12:45;Aktiv;Sepa;Abonnement;297,0;EUR;Jahres Mitgliedschaft (inklusive 30 Tage Geld-zurueck-Garantie);460228;20260225-LP2-YTC;Deutschland
Fugmann's Trading Woche;06.03.2026 13:04;Aktiv;Kreditkarte;Abonnement;89,0;EUR;Quartals Mitgliedschaft (inklusive 30 Tage Geld-zurueck-Garantie);579212;20260306-FMWWS-Banner;Deutschland
Fugmann's Trading Woche;06.03.2026 13:22;Aktiv;Google Pay;Abonnement;297,0;EUR;Jahres Mitgliedschaft (inklusive 30 Tage Geld-zurueck-Garantie);460228;20260225-LP2-YTC;Oesterreich
Fugmann's Trading Woche;06.03.2026 14:31;Aktiv;Sepa;Abonnement;89,0;EUR;Quartals Mitgliedschaft (inklusive 30 Tage Geld-zurueck-Garantie);579212;20260225-LP2-YTC;Deutschland
Fugmann's Trading Woche;06.03.2026 16:00;Aktiv;Sepa;Abonnement;297,0;EUR;Jahres Mitgliedschaft (inklusive 30 Tage Geld-zurueck-Garantie);460228;20260225-LP2-YTC;Schweiz
Fugmann's Trading Woche;06.03.2026 16:15;Aktiv;Kreditkarte;Abonnement;89,0;EUR;Quartals Mitgliedschaft (inklusive 30 Tage Geld-zurueck-Garantie);579212;20260225-LP2-YTC;Polen
Fugmann's Trading Woche;06.03.2026 17:32;Aktiv;Google Pay;Abonnement;89,0;EUR;Quartals Mitgliedschaft (inklusive 30 Tage Geld-zurueck-Garantie);579212;20260225-LP2-YTC;Deutschland
Fugmann's Trading Woche;06.03.2026 17:37;Aktiv;Sepa;Abonnement;89,0;EUR;Quartals Mitgliedschaft (inklusive 30 Tage Geld-zurueck-Garantie);579212;20260225-LP2-YTC;Deutschland
Fugmann's Trading Woche;06.03.2026 17:55;Aktiv;Vorkasse;Abonnement;79,0;EUR;Quartals Mitgliedschaft;460229;20260306-KRG;Deutschland
Fugmann's Trading Woche;06.03.2026 18:00;Aktiv;Sepa;Abonnement;89,0;EUR;Quartals Mitgliedschaft (inklusive 30 Tage Geld-zurueck-Garantie);579212;20260225-LP2-YTC;Deutschland
Fugmann's Trading Woche;06.03.2026 18:46;Aktiv;Sepa;Abonnement;297,0;EUR;Jahres Mitgliedschaft (inklusive 30 Tage Geld-zurueck-Garantie);460228;20260225-LP2-YTC;Oesterreich
Fugmann's Trading Woche;06.03.2026 19:39;Aktiv;Kreditkarte;Abonnement;297,0;EUR;Jahres Mitgliedschaft (inklusive 30 Tage Geld-zurueck-Garantie);460228;20260306-FMWWS-Banner;Deutschland
Fugmann's Trading Woche;06.03.2026 19:40;Aktiv;Kreditkarte;Abonnement;79,0;EUR;Quartals Mitgliedschaft;460229;;Deutschland
Fugmann's Trading Woche;06.03.2026 19:49;Aktiv;Sepa;Abonnement;89,0;EUR;Quartals Mitgliedschaft (inklusive 30 Tage Geld-zurueck-Garantie);579212;20260225-LP2-YTC;Deutschland
Fugmann's Trading Woche;06.03.2026 19:50;Aktiv;Kreditkarte;Abonnement;297,0;EUR;Jahres Mitgliedschaft (inklusive 30 Tage Geld-zurueck-Garantie);460228;20260225-LP2-YTC;Deutschland
Fugmann's Trading Woche;06.03.2026 19:54;Aktiv;Kreditkarte;Abonnement;89,0;EUR;Quartals Mitgliedschaft (inklusive 30 Tage Geld-zurueck-Garantie);579212;20260225-LP2-YTC;Schweiz
Fugmann's Trading Woche;06.03.2026 20:44;Aktiv;Kreditkarte;Abonnement;297,0;EUR;Jahres Mitgliedschaft (inklusive 30 Tage Geld-zurueck-Garantie);460228;20260225-LP2-YTC;Deutschland
Fugmann's Trading Woche;06.03.2026 21:18;Aktiv;Sepa;Abonnement;89,0;EUR;Quartals Mitgliedschaft (inklusive 30 Tage Geld-zurueck-Garantie);579212;20260225-LP2-YTC;Deutschland
Fugmann's Trading Woche;07.03.2026 00:11;Aktiv;Sepa;Abonnement;297,0;EUR;Jahres Mitgliedschaft (inklusive 30 Tage Geld-zurueck-Garantie);460228;;Deutschland
Fugmann's Trading Woche;07.03.2026 01:17;Aktiv;Kreditkarte;Abonnement;89,0;EUR;Quartals Mitgliedschaft (inklusive 30 Tage Geld-zurueck-Garantie);579212;20260225-LP2-YTC;Deutschland
Fugmann's Trading Woche;07.03.2026 06:12;Aktiv;Kreditkarte;Abonnement;89,0;EUR;Quartals Mitgliedschaft (inklusive 30 Tage Geld-zurueck-Garantie);579212;20260306-FMWWS-Banner;Schweiz
Fugmann's Trading Woche;07.03.2026 06:12;Aktiv;Kreditkarte;Abonnement;297,0;EUR;Jahres Mitgliedschaft (inklusive 30 Tage Geld-zurueck-Garantie);460228;20260225-LP2-YTC;Liechtenstein
Fugmann's Trading Woche;07.03.2026 06:45;Aktiv;Sepa;Abonnement;89,0;EUR;Quartals Mitgliedschaft (inklusive 30 Tage Geld-zurueck-Garantie);579212;20260225-LP2-YTC;Deutschland
Fugmann's Trading Woche;07.03.2026 06:56;Aktiv;Sepa;Abonnement;89,0;EUR;Quartals Mitgliedschaft (inklusive 30 Tage Geld-zurueck-Garantie);579212;20260225-LP2-YTC;Deutschland
Fugmann's Trading Woche;07.03.2026 07:40;Aktiv;Kreditkarte;Abonnement;149,0;EUR;Halbjahres Mitgliedschaft (inklusive 30 Tage Geld-zurueck-Garantie);487937;20260306-KRG;Deutschland
Fugmann's Trading Woche;07.03.2026 08:11;Aktiv;Sepa;Abonnement;89,0;EUR;Quartals Mitgliedschaft (inklusive 30 Tage Geld-zurueck-Garantie);579212;20260225-LP2-YTC;Deutschland
Fugmann's Trading Woche;07.03.2026 09:13;Aktiv;Kreditkarte;Abonnement;297,0;EUR;Jahres Mitgliedschaft (inklusive 30 Tage Geld-zurueck-Garantie);460228;20260225-LP2-YTC;Deutschland
Fugmann's Trading Woche;07.03.2026 09:21;Aktiv;Google Pay;Abonnement;297,0;EUR;Jahres Mitgliedschaft (inklusive 30 Tage Geld-zurueck-Garantie);460228;20260306-KRG;Schweiz
Fugmann's Trading Woche;07.03.2026 09:21;Aktiv;Kreditkarte;Abonnement;89,0;EUR;Quartals Mitgliedschaft (inklusive 30 Tage Geld-zurueck-Garantie);579212;20260305-LP2-FMWNL;Deutschland
Fugmann's Trading Woche;07.03.2026 09:28;Aktiv;Sepa;Abonnement;297,0;EUR;Jahres Mitgliedschaft (inklusive 30 Tage Geld-zurueck-Garantie);460228;20260225-LP2-YTC;Oesterreich
Fugmann's Trading Woche;07.03.2026 09:56;Aktiv;Kreditkarte;Abonnement;89,0;EUR;Quartals Mitgliedschaft (inklusive 30 Tage Geld-zurueck-Garantie);579212;20260225-LP2-YTC;Schweiz
Fugmann's Trading Woche;07.03.2026 10:04;Aktiv;Sepa;Abonnement;79,0;EUR;Quartals Mitgliedschaft;460229;20260306-KRG;Deutschland
Fugmann's Trading Woche;07.03.2026 10:18;Aktiv;Kreditkarte;Abonnement;79,0;EUR;Quartals Mitgliedschaft;460229;20240928FMWYT;Spanien
Fugmann's Trading Woche;07.03.2026 10:20;Aktiv;Sepa;Abonnement;89,0;EUR;Quartals Mitgliedschaft (inklusive 30 Tage Geld-zurueck-Garantie);579212;20260225-LP2-YTC;Deutschland
Fugmann's Trading Woche;07.03.2026 11:35;Aktiv;Sepa;Abonnement;89,0;EUR;Quartals Mitgliedschaft (inklusive 30 Tage Geld-zurueck-Garantie);579212;20260306-FMWWS-Banner;Deutschland
Fugmann's Trading Woche;07.03.2026 12:07;Aktiv;Sepa;Abonnement;149,0;EUR;Halbjahres Mitgliedschaft (inklusive 30 Tage Geld-zurueck-Garantie);487937;20250211FMWWSSB;Deutschland
Fugmann's Trading Woche;07.03.2026 12:17;Aktiv;Kreditkarte;Abonnement;99,0;EUR;Quartals Mitgliedschaft (inklusive 30 Tage Geld-zurueck-Garantie);579217;20250211FMWWSNV;Deutschland
Fugmann's Trading Woche;07.03.2026 12:22;Aktiv;Kreditkarte;Abonnement;89,0;EUR;Quartals Mitgliedschaft (inklusive 30 Tage Geld-zurueck-Garantie);579212;20260225-LP2-YTC;Deutschland
Fugmann's Trading Woche;07.03.2026 13:20;Aktiv;Kreditkarte;Abonnement;79,0;EUR;Quartals Mitgliedschaft;460229;20260306-KRG;Deutschland
Fugmann's Trading Woche;07.03.2026 14:36;Aktiv;Sepa;Abonnement;89,0;EUR;Quartals Mitgliedschaft (inklusive 30 Tage Geld-zurueck-Garantie);579212;20260225-LP2-YTC;Deutschland
Fugmann's Trading Woche;07.03.2026 15:35;Aktiv;Sepa;Abonnement;169,0;EUR;Halbjahres Mitgliedschaft (inklusive 30 Tage Geld-zurueck-Garantie);579237;20260225-LP2-YTC;Deutschland
Fugmann's Trading Woche;07.03.2026 15:52;Aktiv;Sepa;Abonnement;99,0;EUR;Quartals Mitgliedschaft (inklusive 30 Tage Geld-zurueck-Garantie);579217;20250211FMWWSNV;Deutschland
Fugmann's Trading Woche;07.03.2026 16:01;Aktiv;Sepa;Abonnement;297,0;EUR;Jahres Mitgliedschaft (inklusive 30 Tage Geld-zurueck-Garantie);460228;20260225-LP2-YTC;Deutschland
Fugmann's Trading Woche;07.03.2026 16:11;Aktiv;Google Pay;Abonnement;89,0;EUR;Quartals Mitgliedschaft (inklusive 30 Tage Geld-zurueck-Garantie);579212;20260225-LP2-YTC;Deutschland
Fugmann's Trading Woche;07.03.2026 16:57;Aktiv;Kreditkarte;Abonnement;89,0;EUR;Quartals Mitgliedschaft (inklusive 30 Tage Geld-zurueck-Garantie);579212;20260225-LP2-YTC;Oesterreich
Fugmann's Trading Woche;07.03.2026 17:26;Aktiv;Kreditkarte;Abonnement;89,0;EUR;Quartals Mitgliedschaft (inklusive 30 Tage Geld-zurueck-Garantie);579212;20260225-LP2-YTC;Deutschland
Fugmann's Trading Woche;07.03.2026 18:43;Aktiv;Google Pay;Abonnement;89,0;EUR;Quartals Mitgliedschaft (inklusive 30 Tage Geld-zurueck-Garantie);579212;20250211FMWWSNV;Oesterreich
Fugmann's Trading Woche;07.03.2026 18:45;Aktiv;Kreditkarte;Abonnement;89,0;EUR;Quartals Mitgliedschaft (inklusive 30 Tage Geld-zurueck-Garantie);579212;20260225-LP2-YTC;Deutschland
Fugmann's Trading Woche;07.03.2026 19:01;Aktiv;Google Pay;Abonnement;297,0;EUR;Jahres Mitgliedschaft (inklusive 30 Tage Geld-zurueck-Garantie);460228;20260305-LP2-FMWNL;Deutschland
Fugmann's Trading Woche;07.03.2026 19:01;Aktiv;Kreditkarte;Abonnement;79,0;EUR;Quartals Mitgliedschaft;460229;20260306-KRG;Deutschland
Fugmann's Trading Woche;07.03.2026 19:42;Aktiv;Sepa;Abonnement;149,0;EUR;Halbjahres Mitgliedschaft (inklusive 30 Tage Geld-zurueck-Garantie);487937;20260306-KRG;Deutschland
Fugmann's Trading Woche;07.03.2026 19:58;Aktiv;Kreditkarte;Abonnement;89,0;EUR;Quartals Mitgliedschaft (inklusive 30 Tage Geld-zurueck-Garantie);579212;20260225-LP2-YTC;Deutschland
Fugmann's Trading Woche;07.03.2026 20:41;Aktiv;Kreditkarte;Abonnement;297,0;EUR;Jahres Mitgliedschaft (inklusive 30 Tage Geld-zurueck-Garantie);460228;20260225-LP2-YTC;Deutschland
Fugmann's Trading Woche;07.03.2026 21:04;Aktiv;Google Pay;Abonnement;297,0;EUR;Jahres Mitgliedschaft (inklusive 30 Tage Geld-zurueck-Garantie);460228;20260225-LP2-YTC;Deutschland
Fugmann's Trading Woche;07.03.2026 21:51;Aktiv;Kreditkarte;Abonnement;297,0;EUR;Jahres Mitgliedschaft (inklusive 30 Tage Geld-zurueck-Garantie);460228;20260225-LP2-YTC;Deutschland
Fugmann's Trading Woche;08.03.2026 05:06;Aktiv;Sepa;Abonnement;188,0;EUR;Halbjahres Mitgliedschaft (inklusive 30 Tage Geld-zurueck-Garantie);579238;;Deutschland
Fugmann's Trading Woche;08.03.2026 07:37;Aktiv;Google Pay;Abonnement;297,0;EUR;Jahres Mitgliedschaft (inklusive 30 Tage Geld-zurueck-Garantie);460228;20260306-KRG;Deutschland
Fugmann's Trading Woche;08.03.2026 07:41;Aktiv;Sepa;Abonnement;89,0;EUR;Quartals Mitgliedschaft (inklusive 30 Tage Geld-zurueck-Garantie);579212;20260225-LP2-YTC;Deutschland
Fugmann's Trading Woche;08.03.2026 07:44;Aktiv;Google Pay;Abonnement;89,0;EUR;Quartals Mitgliedschaft (inklusive 30 Tage Geld-zurueck-Garantie);579212;20260225-LP2-YTC;Deutschland
Fugmann's Trading Woche;08.03.2026 07:46;Aktiv;Sepa;Abonnement;89,0;EUR;Quartals Mitgliedschaft (inklusive 30 Tage Geld-zurueck-Garantie);579212;20260225-LP2-YTC;Deutschland
Fugmann's Trading Woche;08.03.2026 07:55;Aktiv;Sepa;Abonnement;297,0;EUR;Jahres Mitgliedschaft (inklusive 30 Tage Geld-zurueck-Garantie);460228;20260225-LP2-YTC;Deutschland
Fugmann's Trading Woche;08.03.2026 09:03;Aktiv;Kreditkarte;Abonnement;169,0;EUR;Halbjahres Mitgliedschaft (inklusive 30 Tage Geld-zurueck-Garantie);579237;20260306-FMWWS-Banner;Daenemark
Fugmann's Trading Woche;08.03.2026 09:21;Aktiv;Google Pay;Abonnement;329,0;EUR;Jahresmitgliedschaft (inklusive 30 Tage Geld-zurueck-Garantie);579240;20250211FMWWSNV;Deutschland
Fugmann's Trading Woche;08.03.2026 10:20;Aktiv;Kreditkarte;Abonnement;99,0;EUR;Quartals Mitgliedschaft (inklusive 30 Tage Geld-zurueck-Garantie);579217;20250211FMWWSNV;Schweiz
Fugmann's Trading Woche;08.03.2026 11:03;Aktiv;Sepa;Abonnement;169,0;EUR;Halbjahres Mitgliedschaft (inklusive 30 Tage Geld-zurueck-Garantie);579237;;Deutschland
Fugmann's Trading Woche;08.03.2026 11:04;Aktiv;Sepa;Abonnement;169,0;EUR;Halbjahres Mitgliedschaft (inklusive 30 Tage Geld-zurueck-Garantie);579237;20260225-LP2-YTC;Deutschland
Fugmann's Trading Woche;08.03.2026 11:13;Aktiv;Sepa;Abonnement;297,0;EUR;Jahres Mitgliedschaft (inklusive 30 Tage Geld-zurueck-Garantie);460228;20260225-LP2-YTC;Deutschland
Fugmann's Trading Woche;08.03.2026 11:27;Aktiv;Kreditkarte;Abonnement;169,0;EUR;Halbjahres Mitgliedschaft (inklusive 30 Tage Geld-zurueck-Garantie);579237;20260225-LP2-YTC;Schweiz
Fugmann's Trading Woche;08.03.2026 11:35;Aktiv;Google Pay;Abonnement;79,0;EUR;Quartals Mitgliedschaft;460229;20260306-KRG;Schweiz
Fugmann's Trading Woche;08.03.2026 11:53;Aktiv;Sepa;Abonnement;297,0;EUR;Jahres Mitgliedschaft (inklusive 30 Tage Geld-zurueck-Garantie);460228;20260225-LP2-YTC;Deutschland
Fugmann's Trading Woche;08.03.2026 12:06;Aktiv;Sepa;Abonnement;79,0;EUR;Quartals Mitgliedschaft;460229;20260306-KRG;Deutschland
Fugmann's Trading Woche;08.03.2026 12:25;Aktiv;Sepa;Abonnement;89,0;EUR;Quartals Mitgliedschaft (inklusive 30 Tage Geld-zurueck-Garantie);579212;20260305-LP2-FMWNL;Deutschland
Fugmann's Trading Woche;08.03.2026 13:08;Aktiv;Sepa;Abonnement;297,0;EUR;Jahres Mitgliedschaft (inklusive 30 Tage Geld-zurueck-Garantie);460228;20260306-KRG;Oesterreich
Fugmann's Trading Woche;08.03.2026 13:12;Aktiv;Kreditkarte;Abonnement;89,0;EUR;Quartals Mitgliedschaft (inklusive 30 Tage Geld-zurueck-Garantie);579212;20260225-LP2-YTC;Oesterreich
Fugmann's Trading Woche;08.03.2026 16:40;Aktiv;Sepa;Abonnement;297,0;EUR;Jahres Mitgliedschaft (inklusive 30 Tage Geld-zurueck-Garantie);460228;20260225-LP2-YTC;Deutschland
Fugmann's Trading Woche;08.03.2026 17:00;Aktiv;Sepa;Abonnement;149,0;EUR;Halbjahres Mitgliedschaft (inklusive 30 Tage Geld-zurueck-Garantie);487937;20260306-KRG;Deutschland
Fugmann's Trading Woche;08.03.2026 17:01;Aktiv;Sepa;Abonnement;297,0;EUR;Jahres Mitgliedschaft (inklusive 30 Tage Geld-zurueck-Garantie);460228;20260225-LP2-YTC;Deutschland
Fugmann's Trading Woche;08.03.2026 17:06;Aktiv;Sepa;Abonnement;297,0;EUR;Jahres Mitgliedschaft (inklusive 30 Tage Geld-zurueck-Garantie);460228;20260225-LP2-YTC;Deutschland
Fugmann's Trading Woche;08.03.2026 18:24;Aktiv;Sepa;Abonnement;89,0;EUR;Quartals Mitgliedschaft (inklusive 30 Tage Geld-zurueck-Garantie);579212;20260306-FMWWS-Banner;Deutschland
Fugmann's Trading Woche;08.03.2026 18:27;Aktiv;Kreditkarte;Abonnement;89,0;EUR;Quartals Mitgliedschaft (inklusive 30 Tage Geld-zurueck-Garantie);579212;20260225-LP2-YTC;Deutschland
Fugmann's Trading Woche;08.03.2026 18:39;Aktiv;Kreditkarte;Abonnement;89,0;EUR;Quartals Mitgliedschaft (inklusive 30 Tage Geld-zurueck-Garantie);579212;20260225-LP2-YTC;Deutschland
Fugmann's Trading Woche;08.03.2026 19:15;Aktiv;Kreditkarte;Abonnement;297,0;EUR;Jahres Mitgliedschaft (inklusive 30 Tage Geld-zurueck-Garantie);460228;;Deutschland
Fugmann's Trading Woche;08.03.2026 19:26;Aktiv;Kreditkarte;Abonnement;297,0;EUR;Jahres Mitgliedschaft (inklusive 30 Tage Geld-zurueck-Garantie);460228;;Deutschland
Fugmann's Trading Woche;08.03.2026 19:34;Aktiv;Sepa;Abonnement;89,0;EUR;Quartals Mitgliedschaft (inklusive 30 Tage Geld-zurueck-Garantie);579212;20260225-LP2-YTC;Deutschland
Fugmann's Trading Woche;08.03.2026 19:39;Aktiv;Kreditkarte;Abonnement;89,0;EUR;Quartals Mitgliedschaft (inklusive 30 Tage Geld-zurueck-Garantie);579212;20260225-LP2-YTC;Deutschland
Fugmann's Trading Woche;08.03.2026 19:51;Aktiv;Sepa;Abonnement;89,0;EUR;Quartals Mitgliedschaft (inklusive 30 Tage Geld-zurueck-Garantie);579212;20260225-LP2-YTC;Deutschland
Fugmann's Trading Woche;08.03.2026 20:02;Aktiv;Kreditkarte;Abonnement;297,0;EUR;Jahres Mitgliedschaft (inklusive 30 Tage Geld-zurueck-Garantie);460228;20260225-LP2-YTC;Oesterreich
Fugmann's Trading Woche;08.03.2026 20:07;Aktiv;Kreditkarte;Abonnement;149,0;EUR;Halbjahres Mitgliedschaft (inklusive 30 Tage Geld-zurueck-Garantie);487937;20260306-KRG;Deutschland
Fugmann's Trading Woche;08.03.2026 20:48;Aktiv;Vorkasse;Abonnement;79,0;EUR;Quartals Mitgliedschaft;460229;;Deutschland
Fugmann's Trading Woche;08.03.2026 20:51;Aktiv;Sepa;Abonnement;89,0;EUR;Quartals Mitgliedschaft (inklusive 30 Tage Geld-zurueck-Garantie);579212;20260225-LP2-YTC;Deutschland
Fugmann's Trading Woche;08.03.2026 21:11;Aktiv;Kreditkarte;Abonnement;99,0;EUR;Quartals Mitgliedschaft (inklusive 30 Tage Geld-zurueck-Garantie);579217;;Deutschland
Fugmann's Trading Woche;08.03.2026 21:45;Aktiv;Sepa;Abonnement;80,91;EUR;Quartals Mitgliedschaft (inklusive 30 Tage Geld-zurueck-Garantie);579212;20260225-LP2-YTC;Oesterreich
Fugmann's Trading Woche;08.03.2026 22:24;Aktiv;Kreditkarte;Abonnement;297,0;EUR;Jahres Mitgliedschaft (inklusive 30 Tage Geld-zurueck-Garantie);460228;20260225-LP2-YTC;Oesterreich
Fugmann's Trading Woche;09.03.2026 05:29;Aktiv;Sepa;Abonnement;297,0;EUR;Jahres Mitgliedschaft (inklusive 30 Tage Geld-zurueck-Garantie);460228;20260225-LP2-YTC;Deutschland
Fugmann's Trading Woche;09.03.2026 05:53;Aktiv;Sepa;Abonnement;89,0;EUR;Quartals Mitgliedschaft (inklusive 30 Tage Geld-zurueck-Garantie);579212;20260225-LP2-YTC;Deutschland
Fugmann's Trading Woche;09.03.2026 06:50;Aktiv;Sepa;Abonnement;89,0;EUR;Quartals Mitgliedschaft (inklusive 30 Tage Geld-zurueck-Garantie);579212;20260306-FMWWS-Banner;Deutschland
Fugmann's Trading Woche;09.03.2026 06:56;Aktiv;Kreditkarte;Abonnement;89,0;EUR;Quartals Mitgliedschaft (inklusive 30 Tage Geld-zurueck-Garantie);579212;20260225-LP2-YTC;Deutschland
Fugmann's Trading Woche;09.03.2026 07:22;Aktiv;Kreditkarte;Abonnement;297,0;EUR;Jahres Mitgliedschaft (inklusive 30 Tage Geld-zurueck-Garantie);460228;;Schweiz
Fugmann's Trading Woche;09.03.2026 07:29;Aktiv;Sepa;Abonnement;79,0;EUR;Quartals Mitgliedschaft;460229;20250310-FMWYTWU;Deutschland
Fugmann's Trading Woche;09.03.2026 09:14;Aktiv;Kreditkarte;Abonnement;89,0;EUR;Quartals Mitgliedschaft (inklusive 30 Tage Geld-zurueck-Garantie);579212;20260225-LP2-YTC;Deutschland
Fugmann's Trading Woche;09.03.2026 10:03;Aktiv;Kreditkarte;Abonnement;89,0;EUR;Quartals Mitgliedschaft (inklusive 30 Tage Geld-zurueck-Garantie);579212;20260225-LP2-YTC;Schweiz
Fugmann's Trading Woche;09.03.2026 10:06;Aktiv;Vorkasse;Abonnement;79,0;EUR;Quartals Mitgliedschaft;460229;20260306-KRG;Deutschland
Fugmann's Trading Woche;09.03.2026 10:08;Aktiv;Kreditkarte;Abonnement;89,0;EUR;Quartals Mitgliedschaft (inklusive 30 Tage Geld-zurueck-Garantie);579212;20260225-LP2-YTC;Deutschland
Fugmann's Trading Woche;09.03.2026 10:13;Aktiv;Kreditkarte;Abonnement;89,0;EUR;Quartals Mitgliedschaft (inklusive 30 Tage Geld-zurueck-Garantie);579212;20260225-LP2-YTC;Deutschland
Fugmann's Trading Woche;09.03.2026 10:20;Aktiv;Sepa;Abonnement;297,0;EUR;Jahres Mitgliedschaft (inklusive 30 Tage Geld-zurueck-Garantie);460228;20260225-LP2-YTC;Deutschland
Fugmann's Trading Woche;09.03.2026 10:24;Aktiv;Sepa;Abonnement;89,0;EUR;Quartals Mitgliedschaft (inklusive 30 Tage Geld-zurueck-Garantie);579212;20260225-LP2-YTC;Deutschland
Fugmann's Trading Woche;09.03.2026 10:34;Aktiv;Sepa;Abonnement;297,0;EUR;Jahres Mitgliedschaft (inklusive 30 Tage Geld-zurueck-Garantie);460228;20260225-LP2-YTC;Deutschland
Fugmann's Trading Woche;09.03.2026 10:35;Aktiv;Kreditkarte;Abonnement;89,0;EUR;Quartals Mitgliedschaft (inklusive 30 Tage Geld-zurueck-Garantie);579212;20260225-LP2-YTC;Deutschland
Fugmann's Trading Woche;09.03.2026 10:51;Aktiv;Kreditkarte;Abonnement;79,0;EUR;Quartals Mitgliedschaft;460229;20260306-KRG;Deutschland
Fugmann's Trading Woche;09.03.2026 10:58;Aktiv;Kreditkarte;Abonnement;297,0;EUR;Jahres Mitgliedschaft (inklusive 30 Tage Geld-zurueck-Garantie);460228;20260225-LP2-YTC;Deutschland
Fugmann's Trading Woche;09.03.2026 11:03;Aktiv;Google Pay;Abonnement;79,0;EUR;Quartals Mitgliedschaft;460229;20260306-KRG;Schweiz
Fugmann's Trading Woche;09.03.2026 11:06;Aktiv;Sepa;Abonnement;297,0;EUR;Jahres Mitgliedschaft (inklusive 30 Tage Geld-zurueck-Garantie);460228;20260225-LP2-YTC;Deutschland
Fugmann's Trading Woche;09.03.2026 11:09;Aktiv;Sepa;Abonnement;297,0;EUR;Jahres Mitgliedschaft (inklusive 30 Tage Geld-zurueck-Garantie);460228;20260225-LP2-YTC;Deutschland
Fugmann's Trading Woche;09.03.2026 11:14;Aktiv;Sepa;Abonnement;297,0;EUR;Jahres Mitgliedschaft (inklusive 30 Tage Geld-zurueck-Garantie);460228;20260225-LP2-YTC;Deutschland
Fugmann's Trading Woche;09.03.2026 11:16;Aktiv;Kreditkarte;Abonnement;99,0;EUR;Quartals Mitgliedschaft (inklusive 30 Tage Geld-zurueck-Garantie);579217;;Deutschland
Fugmann's Trading Woche;09.03.2026 11:22;Aktiv;Sepa;Abonnement;297,0;EUR;Jahres Mitgliedschaft (inklusive 30 Tage Geld-zurueck-Garantie);460228;20260225-LP2-YTC;Deutschland
Fugmann's Trading Woche;09.03.2026 11:27;Aktiv;Apple Pay;Abonnement;79,0;EUR;Quartals Mitgliedschaft;460229;20250925GAMRK;Deutschland
Fugmann's Trading Woche;09.03.2026 11:36;Aktiv;Sepa;Abonnement;297,0;EUR;Jahres Mitgliedschaft (inklusive 30 Tage Geld-zurueck-Garantie);460228;20260225-LP2-YTC;Deutschland
Fugmann's Trading Woche;09.03.2026 11:43;Aktiv;Google Pay;Abonnement;89,0;EUR;Quartals Mitgliedschaft (inklusive 30 Tage Geld-zurueck-Garantie);579212;20260225-LP2-YTC;Deutschland
Fugmann's Trading Woche;09.03.2026 11:44;Aktiv;Kreditkarte;Abonnement;89,0;EUR;Quartals Mitgliedschaft (inklusive 30 Tage Geld-zurueck-Garantie);579212;20260225-LP2-YTC;Schweiz
Fugmann's Trading Woche;09.03.2026 11:49;Aktiv;Sepa;Abonnement;89,0;EUR;Quartals Mitgliedschaft (inklusive 30 Tage Geld-zurueck-Garantie);579212;20260306-FMWWS-Banner;Deutschland
Fugmann's Trading Woche;09.03.2026 11:55;Aktiv;Sepa;Abonnement;297,0;EUR;Jahres Mitgliedschaft (inklusive 30 Tage Geld-zurueck-Garantie);460228;20260225-LP2-YTC;Deutschland
Fugmann's Trading Woche;09.03.2026 12:05;Aktiv;Kreditkarte;Abonnement;89,0;EUR;Quartals Mitgliedschaft (inklusive 30 Tage Geld-zurueck-Garantie);579212;20260225-LP2-YTC;Schweiz
Fugmann's Trading Woche;09.03.2026 12:09;Aktiv;Kreditkarte;Abonnement;297,0;EUR;Jahres Mitgliedschaft (inklusive 30 Tage Geld-zurueck-Garantie);460228;20260225-LP2-YTC;Deutschland
Fugmann's Trading Woche;09.03.2026 12:18;Aktiv;Google Pay;Abonnement;297,0;EUR;Jahres Mitgliedschaft (inklusive 30 Tage Geld-zurueck-Garantie);460228;20260225-LP2-YTC;Luxemburg
Fugmann's Trading Woche;09.03.2026 12:20;Aktiv;Kreditkarte;Abonnement;89,0;EUR;Quartals Mitgliedschaft (inklusive 30 Tage Geld-zurueck-Garantie);579212;20260306-FMWWS-Banner;Deutschland
Fugmann's Trading Woche;09.03.2026 12:20;Aktiv;Sepa;Abonnement;89,0;EUR;Quartals Mitgliedschaft (inklusive 30 Tage Geld-zurueck-Garantie);579212;20260225-LP2-YTC;Deutschland
Fugmann's Trading Woche;09.03.2026 12:21;Aktiv;Kreditkarte;Abonnement;89,0;EUR;Quartals Mitgliedschaft (inklusive 30 Tage Geld-zurueck-Garantie);579212;20260225-LP2-YTC;Deutschland
Fugmann's Trading Woche;09.03.2026 12:22;Aktiv;Sepa;Abonnement;89,0;EUR;Quartals Mitgliedschaft (inklusive 30 Tage Geld-zurueck-Garantie);579212;20260225-LP2-YTC;Deutschland
Fugmann's Trading Woche;09.03.2026 12:25;Aktiv;Sepa;Abonnement;297,0;EUR;Jahres Mitgliedschaft (inklusive 30 Tage Geld-zurueck-Garantie);460228;20260225-LP2-YTC;Deutschland
Fugmann's Trading Woche;09.03.2026 12:26;Aktiv;Kreditkarte;Abonnement;297,0;EUR;Jahres Mitgliedschaft (inklusive 30 Tage Geld-zurueck-Garantie);460228;20260225-LP2-YTC;Deutschland
Fugmann's Trading Woche;09.03.2026 12:42;Aktiv;Sepa;Abonnement;297,0;EUR;Jahres Mitgliedschaft (inklusive 30 Tage Geld-zurueck-Garantie);460228;20260225-LP2-YTC;Deutschland
Fugmann's Trading Woche;09.03.2026 12:57;Aktiv;Sepa;Abonnement;79,0;EUR;Quartals Mitgliedschaft;460229;20260306-KRG;Deutschland
Fugmann's Trading Woche;09.03.2026 13:03;Aktiv;Sepa;Abonnement;297,0;EUR;Jahres Mitgliedschaft (inklusive 30 Tage Geld-zurueck-Garantie);460228;20260225-LP2-YTC;Deutschland
Fugmann's Trading Woche;09.03.2026 13:12;Aktiv;Google Pay;Abonnement;89,0;EUR;Quartals Mitgliedschaft (inklusive 30 Tage Geld-zurueck-Garantie);579212;20260225-LP2-YTC;Deutschland
Fugmann's Trading Woche;09.03.2026 13:16;Aktiv;Kreditkarte;Abonnement;297,0;EUR;Jahres Mitgliedschaft (inklusive 30 Tage Geld-zurueck-Garantie);460228;20260225-LP2-YTC;Schweiz
Fugmann's Trading Woche;09.03.2026 13:17;Aktiv;Sepa;Abonnement;89,0;EUR;Quartals Mitgliedschaft (inklusive 30 Tage Geld-zurueck-Garantie);579212;20260225-LP2-YTC;Deutschland
Fugmann's Trading Woche;09.03.2026 13:17;Aktiv;Sepa;Abonnement;89,0;EUR;Quartals Mitgliedschaft (inklusive 30 Tage Geld-zurueck-Garantie);579212;20260225-LP2-YTC;Deutschland
Fugmann's Trading Woche;09.03.2026 13:21;Aktiv;Sepa;Abonnement;89,0;EUR;Quartals Mitgliedschaft (inklusive 30 Tage Geld-zurueck-Garantie);579212;20260306-FMWWS-Banner;Deutschland
Fugmann's Trading Woche;09.03.2026 13:23;Aktiv;Kreditkarte;Abonnement;89,0;EUR;Quartals Mitgliedschaft (inklusive 30 Tage Geld-zurueck-Garantie);579212;20260225-LP2-YTC;Deutschland
Fugmann's Trading Woche;09.03.2026 13:25;Aktiv;Sepa;Abonnement;297,0;EUR;Jahres Mitgliedschaft (inklusive 30 Tage Geld-zurueck-Garantie);460228;20260225-LP2-YTC;Schweiz
Fugmann's Trading Woche;09.03.2026 13:32;Aktiv;Google Pay;Abonnement;89,0;EUR;Quartals Mitgliedschaft (inklusive 30 Tage Geld-zurueck-Garantie);579212;20260225-LP2-YTC;Oesterreich
Fugmann's Trading Woche;09.03.2026 13:33;Aktiv;Kreditkarte;Abonnement;79,0;EUR;Quartals Mitgliedschaft;460229;20250211FMWWSSB;Deutschland
Fugmann's Trading Woche;09.03.2026 13:34;Aktiv;Sepa;Abonnement;89,0;EUR;Quartals Mitgliedschaft (inklusive 30 Tage Geld-zurueck-Garantie);579212;20260225-LP2-YTC;Oesterreich
Fugmann's Trading Woche;09.03.2026 13:51;Aktiv;Kreditkarte;Abonnement;89,0;EUR;Quartals Mitgliedschaft (inklusive 30 Tage Geld-zurueck-Garantie);579212;20260306-FMWWS-Banner;Deutschland
Fugmann's Trading Woche;09.03.2026 13:59;Aktiv;Kreditkarte;Abonnement;297,0;EUR;Jahres Mitgliedschaft (inklusive 30 Tage Geld-zurueck-Garantie);460228;20260225-LP2-YTC;Deutschland
Fugmann's Trading Woche;09.03.2026 14:10;Aktiv;Google Pay;Abonnement;79,0;EUR;Quartals Mitgliedschaft;460229;20260306-KRG;Deutschland
Fugmann's Trading Woche;09.03.2026 14:13;Aktiv;Kreditkarte;Abonnement;89,0;EUR;Quartals Mitgliedschaft (inklusive 30 Tage Geld-zurueck-Garantie);579212;20260225-LP2-YTC;Oesterreich
Fugmann's Trading Woche;09.03.2026 14:14;Aktiv;Google Pay;Abonnement;169,0;EUR;Halbjahres Mitgliedschaft (inklusive 30 Tage Geld-zurueck-Garantie);579237;20260225-LP2-YTC;Deutschland
Fugmann's Trading Woche;09.03.2026 14:18;Aktiv;Kreditkarte;Abonnement;297,0;EUR;Jahres Mitgliedschaft (inklusive 30 Tage Geld-zurueck-Garantie);460228;20260225-LP2-YTC;Deutschland
Fugmann's Trading Woche;09.03.2026 14:21;Aktiv;Kreditkarte;Abonnement;297,0;EUR;Jahres Mitgliedschaft (inklusive 30 Tage Geld-zurueck-Garantie);460228;20260225-LP2-YTC;Deutschland
Fugmann's Trading Woche;09.03.2026 14:26;Aktiv;Sepa;Abonnement;89,0;EUR;Quartals Mitgliedschaft (inklusive 30 Tage Geld-zurueck-Garantie);579212;20260225-LP2-YTC;Deutschland
Fugmann's Trading Woche;09.03.2026 14:28;Aktiv;Kreditkarte;Abonnement;297,0;EUR;Jahres Mitgliedschaft (inklusive 30 Tage Geld-zurueck-Garantie);460228;20260225-LP2-YTC;Deutschland
Fugmann's Trading Woche;09.03.2026 14:30;Aktiv;Sepa;Abonnement;297,0;EUR;Jahres Mitgliedschaft (inklusive 30 Tage Geld-zurueck-Garantie);460228;20260225-LP2-YTC;Deutschland
Fugmann's Trading Woche;09.03.2026 15:16;Aktiv;Sepa;Abonnement;297,0;EUR;Jahres Mitgliedschaft (inklusive 30 Tage Geld-zurueck-Garantie);460228;20260225-LP2-YTC;Deutschland
Fugmann's Trading Woche;09.03.2026 15:34;Aktiv;Google Pay;Abonnement;89,0;EUR;Quartals Mitgliedschaft (inklusive 30 Tage Geld-zurueck-Garantie);579212;20260225-LP2-YTC;Deutschland
Fugmann's Trading Woche;09.03.2026 15:34;Aktiv;Kreditkarte;Abonnement;89,0;EUR;Quartals Mitgliedschaft (inklusive 30 Tage Geld-zurueck-Garantie);579212;20260225-LP2-YTC;Deutschland
Fugmann's Trading Woche;09.03.2026 15:36;Aktiv;Kreditkarte;Abonnement;89,0;EUR;Quartals Mitgliedschaft (inklusive 30 Tage Geld-zurueck-Garantie);579212;20250211FMWWSNV;Deutschland
Fugmann's Trading Woche;09.03.2026 15:37;Aktiv;Vorkasse;Abonnement;79,0;EUR;Quartals Mitgliedschaft;460229;20260306-KRG;Deutschland
Fugmann's Trading Woche;09.03.2026 15:40;Aktiv;Google Pay;Abonnement;297,0;EUR;Jahres Mitgliedschaft (inklusive 30 Tage Geld-zurueck-Garantie);460228;20260225-LP2-YTC;Deutschland
Fugmann's Trading Woche;09.03.2026 15:41;Aktiv;Sepa;Abonnement;89,0;EUR;Quartals Mitgliedschaft (inklusive 30 Tage Geld-zurueck-Garantie);579212;20260225-LP2-YTC;Deutschland
Fugmann's Trading Woche;09.03.2026 15:45;Aktiv;Kreditkarte;Abonnement;297,0;EUR;Jahres Mitgliedschaft (inklusive 30 Tage Geld-zurueck-Garantie);460228;20260225-LP2-YTC;Deutschland
Fugmann's Trading Woche;09.03.2026 15:49;Aktiv;Sepa;Abonnement;89,0;EUR;Quartals Mitgliedschaft (inklusive 30 Tage Geld-zurueck-Garantie);579212;20260225-LP2-YTC;Deutschland
Fugmann's Trading Woche;09.03.2026 15:49;Aktiv;Kreditkarte;Abonnement;89,0;EUR;Quartals Mitgliedschaft (inklusive 30 Tage Geld-zurueck-Garantie);579212;20260225-LP2-YTC;Belgien
Fugmann's Trading Woche;09.03.2026 15:58;Aktiv;Google Pay;Abonnement;297,0;EUR;Jahres Mitgliedschaft (inklusive 30 Tage Geld-zurueck-Garantie);460228;20260225-LP2-YTC;Oesterreich
Fugmann's Trading Woche;09.03.2026 16:03;Aktiv;Sepa;Abonnement;89,0;EUR;Quartals Mitgliedschaft (inklusive 30 Tage Geld-zurueck-Garantie);579212;20260225-LP2-YTC;Deutschland
Fugmann's Trading Woche;09.03.2026 16:04;Aktiv;Kreditkarte;Abonnement;89,0;EUR;Quartals Mitgliedschaft (inklusive 30 Tage Geld-zurueck-Garantie);579212;20260225-LP2-YTC;Deutschland
Fugmann's Trading Woche;09.03.2026 16:21;Aktiv;Google Pay;Abonnement;89,0;EUR;Quartals Mitgliedschaft (inklusive 30 Tage Geld-zurueck-Garantie);579212;20260225-LP2-YTC;Deutschland
Fugmann's Trading Woche;09.03.2026 16:24;Aktiv;Sepa;Abonnement;297,0;EUR;Jahres Mitgliedschaft (inklusive 30 Tage Geld-zurueck-Garantie);460228;20260225-LP2-YTC;Deutschland
Fugmann's Trading Woche;09.03.2026 16:41;Aktiv;Sepa;Abonnement;329,0;EUR;Jahresmitgliedschaft (inklusive 30 Tage Geld-zurueck-Garantie);579240;;Deutschland
Fugmann's Trading Woche;09.03.2026 16:41;Aktiv;Kreditkarte;Abonnement;89,0;EUR;Quartals Mitgliedschaft (inklusive 30 Tage Geld-zurueck-Garantie);579212;20260225-LP2-YTC;Deutschland
Fugmann's Trading Woche;09.03.2026 16:41;Aktiv;Kreditkarte;Abonnement;89,0;EUR;Quartals Mitgliedschaft (inklusive 30 Tage Geld-zurueck-Garantie);579212;20260225-LP2-YTC;Deutschland
Fugmann's Trading Woche;09.03.2026 16:43;Aktiv;Sepa;Abonnement;169,0;EUR;Halbjahres Mitgliedschaft (inklusive 30 Tage Geld-zurueck-Garantie);579237;20260225-LP2-YTC;Deutschland
Fugmann's Trading Woche;09.03.2026 16:49;Aktiv;Sepa;Abonnement;89,0;EUR;Quartals Mitgliedschaft (inklusive 30 Tage Geld-zurueck-Garantie);579212;20260225-LP2-YTC;Deutschland
Fugmann's Trading Woche;09.03.2026 17:10;Aktiv;Google Pay;Abonnement;99,0;EUR;Quartals Mitgliedschaft (inklusive 30 Tage Geld-zurueck-Garantie);579217;20250211FMWWSNV;Schweiz
Fugmann's Trading Woche;09.03.2026 17:12;Aktiv;Sepa;Abonnement;297,0;EUR;Jahres Mitgliedschaft (inklusive 30 Tage Geld-zurueck-Garantie);460228;20260225-LP2-YTC;Luxemburg
Fugmann's Trading Woche;09.03.2026 17:14;Aktiv;Kreditkarte;Abonnement;297,0;EUR;Jahres Mitgliedschaft (inklusive 30 Tage Geld-zurueck-Garantie);460228;20260225-LP2-YTC;Deutschland
Fugmann's Trading Woche;09.03.2026 17:16;Aktiv;Sepa;Abonnement;297,0;EUR;Jahres Mitgliedschaft (inklusive 30 Tage Geld-zurueck-Garantie);460228;20260225-LP2-YTC;Deutschland
Fugmann's Trading Woche;09.03.2026 17:21;Aktiv;Kreditkarte;Abonnement;79,0;EUR;Quartals Mitgliedschaft;460229;20260306-KRG;Deutschland
Fugmann's Trading Woche;09.03.2026 17:23;Aktiv;Sepa;Abonnement;89,0;EUR;Quartals Mitgliedschaft (inklusive 30 Tage Geld-zurueck-Garantie);579212;20260225-LP2-YTC;Deutschland
Fugmann's Trading Woche;09.03.2026 17:41;Aktiv;Kreditkarte;Abonnement;297,0;EUR;Jahres Mitgliedschaft (inklusive 30 Tage Geld-zurueck-Garantie);460228;20260225-LP2-YTC;Deutschland
Fugmann's Trading Woche;09.03.2026 17:50;Aktiv;Kreditkarte;Abonnement;89,0;EUR;Quartals Mitgliedschaft (inklusive 30 Tage Geld-zurueck-Garantie);579212;20260225-LP2-YTC;Deutschland
Fugmann's Trading Woche;09.03.2026 18:15;Aktiv;Sepa;Abonnement;297,0;EUR;Jahres Mitgliedschaft (inklusive 30 Tage Geld-zurueck-Garantie);460228;20260225-LP2-YTC;Deutschland
Fugmann's Trading Woche;09.03.2026 18:17;Aktiv;Sepa;Abonnement;89,0;EUR;Quartals Mitgliedschaft (inklusive 30 Tage Geld-zurueck-Garantie);579212;20260225-LP2-YTC;Deutschland
Fugmann's Trading Woche;09.03.2026 18:18;Aktiv;Kreditkarte;Abonnement;297,0;EUR;Jahres Mitgliedschaft (inklusive 30 Tage Geld-zurueck-Garantie);460228;20260225-LP2-YTC;Deutschland
Fugmann's Trading Woche;09.03.2026 18:20;Aktiv;Google Pay;Abonnement;89,0;EUR;Quartals Mitgliedschaft (inklusive 30 Tage Geld-zurueck-Garantie);579212;20260225-LP2-YTC;Schweiz
Fugmann's Trading Woche;09.03.2026 18:36;Aktiv;Google Pay;Abonnement;89,0;EUR;Quartals Mitgliedschaft (inklusive 30 Tage Geld-zurueck-Garantie);579212;20260306-FMWWS-Banner;Deutschland
Fugmann's Trading Woche;09.03.2026 18:41;Aktiv;Kreditkarte;Abonnement;89,0;EUR;Quartals Mitgliedschaft (inklusive 30 Tage Geld-zurueck-Garantie);579212;;Deutschland
Fugmann's Trading Woche;09.03.2026 18:42;Aktiv;Kreditkarte;Abonnement;89,0;EUR;Quartals Mitgliedschaft (inklusive 30 Tage Geld-zurueck-Garantie);579212;20260225-LP2-YTC;Italien
Fugmann's Trading Woche;09.03.2026 18:50;Aktiv;Sepa;Abonnement;188,0;EUR;Halbjahres Mitgliedschaft (inklusive 30 Tage Geld-zurueck-Garantie);579238;20250211FMWWSNV;Deutschland
Fugmann's Trading Woche;09.03.2026 18:51;Aktiv;Sepa;Abonnement;89,0;EUR;Quartals Mitgliedschaft (inklusive 30 Tage Geld-zurueck-Garantie);579212;20250211FMWWSNV;Deutschland
Fugmann's Trading Woche;09.03.2026 18:52;Aktiv;Kreditkarte;Abonnement;297,0;EUR;Jahres Mitgliedschaft (inklusive 30 Tage Geld-zurueck-Garantie);460228;20260225-LP2-YTC;Deutschland
Fugmann's Trading Woche;09.03.2026 18:52;Aktiv;Sepa;Abonnement;89,0;EUR;Quartals Mitgliedschaft (inklusive 30 Tage Geld-zurueck-Garantie);579212;20260225-LP2-YTC;Oesterreich
Fugmann's Trading Woche;09.03.2026 18:52;Aktiv;Kreditkarte;Abonnement;99,0;EUR;Quartals Mitgliedschaft (inklusive 30 Tage Geld-zurueck-Garantie);579217;20250211FMWWSNV;Oesterreich
Fugmann's Trading Woche;09.03.2026 18:54;Aktiv;Sepa;Abonnement;79,0;EUR;Quartals Mitgliedschaft;460229;20260306-KRG;Oesterreich
Fugmann's Trading Woche;09.03.2026 18:55;Aktiv;Sepa;Abonnement;89,0;EUR;Quartals Mitgliedschaft (inklusive 30 Tage Geld-zurueck-Garantie);579212;20260225-LP2-YTC;Deutschland
Fugmann's Trading Woche;09.03.2026 18:56;Aktiv;Kreditkarte;Abonnement;89,0;EUR;Quartals Mitgliedschaft (inklusive 30 Tage Geld-zurueck-Garantie);579212;20260225-LP2-YTC;Deutschland
Fugmann's Trading Woche;09.03.2026 19:01;Aktiv;Sepa;Abonnement;297,0;EUR;Jahres Mitgliedschaft (inklusive 30 Tage Geld-zurueck-Garantie);460228;20260225-LP2-YTC;Deutschland
Fugmann's Trading Woche;09.03.2026 19:01;Aktiv;Kreditkarte;Abonnement;99,0;EUR;Quartals Mitgliedschaft (inklusive 30 Tage Geld-zurueck-Garantie);579217;20250211FMWWSNV;Deutschland
Fugmann's Trading Woche;09.03.2026 19:07;Aktiv;Sepa;Abonnement;89,0;EUR;Quartals Mitgliedschaft (inklusive 30 Tage Geld-zurueck-Garantie);579212;20260225-LP2-YTC;Deutschland
Fugmann's Trading Woche;09.03.2026 19:08;Aktiv;Kreditkarte;Abonnement;79,0;EUR;Quartals Mitgliedschaft;460229;20250310-FMWYTWU;Deutschland
Fugmann's Trading Woche;09.03.2026 19:13;Aktiv;Sepa;Abonnement;89,0;EUR;Quartals Mitgliedschaft (inklusive 30 Tage Geld-zurueck-Garantie);579212;20260225-LP2-YTC;Deutschland
Fugmann's Trading Woche;09.03.2026 19:24;Aktiv;Kreditkarte;Abonnement;89,0;EUR;Quartals Mitgliedschaft (inklusive 30 Tage Geld-zurueck-Garantie);579212;20260225-LP2-YTC;Deutschland
Fugmann's Trading Woche;09.03.2026 19:25;Aktiv;Google Pay;Abonnement;89,0;EUR;Quartals Mitgliedschaft (inklusive 30 Tage Geld-zurueck-Garantie);579212;20260225-LP2-YTC;Deutschland
Fugmann's Trading Woche;09.03.2026 19:27;Aktiv;Sepa;Abonnement;169,0;EUR;Halbjahres Mitgliedschaft (inklusive 30 Tage Geld-zurueck-Garantie);579237;20260225-LP2-YTC;Deutschland
Fugmann's Trading Woche;09.03.2026 19:31;Aktiv;Google Pay;Abonnement;297,0;EUR;Jahres Mitgliedschaft (inklusive 30 Tage Geld-zurueck-Garantie);460228;20260225-LP2-YTC;Oesterreich
Fugmann's Trading Woche;09.03.2026 19:33;Aktiv;Kreditkarte;Abonnement;169,0;EUR;Halbjahres Mitgliedschaft (inklusive 30 Tage Geld-zurueck-Garantie);579237;20260225-LP2-YTC;Deutschland
Fugmann's Trading Woche;09.03.2026 19:38;Aktiv;Kreditkarte;Abonnement;89,0;EUR;Quartals Mitgliedschaft (inklusive 30 Tage Geld-zurueck-Garantie);579212;20260305-LP2-FMWNL;Deutschland
Fugmann's Trading Woche;09.03.2026 19:41;Aktiv;Sepa;Abonnement;89,0;EUR;Quartals Mitgliedschaft (inklusive 30 Tage Geld-zurueck-Garantie);579212;20260225-LP2-YTC;Deutschland
Fugmann's Trading Woche;09.03.2026 19:42;Aktiv;Sepa;Abonnement;89,0;EUR;Quartals Mitgliedschaft (inklusive 30 Tage Geld-zurueck-Garantie);579212;20260225-LP2-YTC;Deutschland
Fugmann's Trading Woche;09.03.2026 19:50;Aktiv;Kreditkarte;Abonnement;89,0;EUR;Quartals Mitgliedschaft (inklusive 30 Tage Geld-zurueck-Garantie);579212;20260225-LP2-YTC;Deutschland
Fugmann's Trading Woche;09.03.2026 19:52;Aktiv;Sepa;Abonnement;89,0;EUR;Quartals Mitgliedschaft (inklusive 30 Tage Geld-zurueck-Garantie);579212;20260225-LP2-YTC;Deutschland
Fugmann's Trading Woche;09.03.2026 19:56;Aktiv;Sepa;Abonnement;79,0;EUR;Quartals Mitgliedschaft;460229;20250925GAMRK;Deutschland
Fugmann's Trading Woche;09.03.2026 19:56;Aktiv;Sepa;Abonnement;297,0;EUR;Jahres Mitgliedschaft (inklusive 30 Tage Geld-zurueck-Garantie);460228;;Deutschland
Fugmann's Trading Woche;09.03.2026 20:02;Aktiv;Kreditkarte;Abonnement;297,0;EUR;Jahres Mitgliedschaft (inklusive 30 Tage Geld-zurueck-Garantie);460228;20260225-LP2-YTC;Deutschland
Fugmann's Trading Woche;09.03.2026 20:07;Aktiv;Kreditkarte;Abonnement;89,0;EUR;Quartals Mitgliedschaft (inklusive 30 Tage Geld-zurueck-Garantie);579212;20260225-LP2-YTC;Deutschland
Fugmann's Trading Woche;09.03.2026 20:13;Aktiv;Google Pay;Abonnement;99,0;EUR;Quartals Mitgliedschaft (inklusive 30 Tage Geld-zurueck-Garantie);579217;20250211FMWWSNV;Deutschland
Fugmann's Trading Woche;09.03.2026 20:13;Aktiv;Sepa;Abonnement;169,0;EUR;Halbjahres Mitgliedschaft (inklusive 30 Tage Geld-zurueck-Garantie);579237;20260225-LP2-YTC;Deutschland
Fugmann's Trading Woche;09.03.2026 20:14;Aktiv;Kreditkarte;Abonnement;89,0;EUR;Quartals Mitgliedschaft (inklusive 30 Tage Geld-zurueck-Garantie);579212;20260225-LP2-YTC;Deutschland
Fugmann's Trading Woche;09.03.2026 20:17;Aktiv;Sepa;Abonnement;297,0;EUR;Jahres Mitgliedschaft (inklusive 30 Tage Geld-zurueck-Garantie);460228;20260225-LP2-YTC;Deutschland
Fugmann's Trading Woche;09.03.2026 20:20;Aktiv;Kreditkarte;Abonnement;89,0;EUR;Quartals Mitgliedschaft (inklusive 30 Tage Geld-zurueck-Garantie);579212;20260225-LP2-YTC;Oesterreich
Fugmann's Trading Woche;09.03.2026 20:26;Aktiv;Kreditkarte;Abonnement;89,0;EUR;Quartals Mitgliedschaft (inklusive 30 Tage Geld-zurueck-Garantie);579212;20260225-LP2-YTC;Deutschland
Fugmann's Trading Woche;09.03.2026 20:27;Aktiv;Kreditkarte;Abonnement;89,0;EUR;Quartals Mitgliedschaft (inklusive 30 Tage Geld-zurueck-Garantie);579212;20260225-LP2-YTC;Deutschland
Fugmann's Trading Woche;09.03.2026 20:28;Aktiv;Kreditkarte;Abonnement;99,0;EUR;Quartals Mitgliedschaft (inklusive 30 Tage Geld-zurueck-Garantie);579217;;Deutschland
Fugmann's Trading Woche;09.03.2026 20:28;Aktiv;Kreditkarte;Abonnement;297,0;EUR;Jahres Mitgliedschaft (inklusive 30 Tage Geld-zurueck-Garantie);460228;20260225-LP2-YTC;Oesterreich
Fugmann's Trading Woche;09.03.2026 20:30;Aktiv;Kreditkarte;Abonnement;89,0;EUR;Quartals Mitgliedschaft (inklusive 30 Tage Geld-zurueck-Garantie);579212;20260225-LP2-YTC;Deutschland
Fugmann's Trading Woche;09.03.2026 20:30;Aktiv;Kreditkarte;Abonnement;297,0;EUR;Jahres Mitgliedschaft (inklusive 30 Tage Geld-zurueck-Garantie);460228;20260225-LP2-YTC;Deutschland
Fugmann's Trading Woche;09.03.2026 20:34;Aktiv;Sepa;Abonnement;89,0;EUR;Quartals Mitgliedschaft (inklusive 30 Tage Geld-zurueck-Garantie);579212;20260225-LP2-YTC;Deutschland
Fugmann's Trading Woche;09.03.2026 20:35;Aktiv;Sepa;Abonnement;89,0;EUR;Quartals Mitgliedschaft (inklusive 30 Tage Geld-zurueck-Garantie);579212;20260225-LP2-YTC;Deutschland
Fugmann's Trading Woche;09.03.2026 20:37;Aktiv;Sepa;Abonnement;89,0;EUR;Quartals Mitgliedschaft (inklusive 30 Tage Geld-zurueck-Garantie);579212;20260225-LP2-YTC;Deutschland
Fugmann's Trading Woche;09.03.2026 20:43;Aktiv;Sepa;Abonnement;297,0;EUR;Jahres Mitgliedschaft (inklusive 30 Tage Geld-zurueck-Garantie);460228;20260225-LP2-YTC;Deutschland
Fugmann's Trading Woche;09.03.2026 20:49;Aktiv;Kreditkarte;Abonnement;89,0;EUR;Quartals Mitgliedschaft (inklusive 30 Tage Geld-zurueck-Garantie);579212;20260225-LP2-YTC;Deutschland
Fugmann's Trading Woche;09.03.2026 20:49;Aktiv;Kreditkarte;Abonnement;89,0;EUR;Quartals Mitgliedschaft (inklusive 30 Tage Geld-zurueck-Garantie);579212;20260225-LP2-YTC;Deutschland
Fugmann's Trading Woche;09.03.2026 20:56;Aktiv;Kreditkarte;Abonnement;169,0;EUR;Halbjahres Mitgliedschaft (inklusive 30 Tage Geld-zurueck-Garantie);579237;20260225-LP2-YTC;Oesterreich
Fugmann's Trading Woche;09.03.2026 20:59;Aktiv;Sepa;Abonnement;169,0;EUR;Halbjahres Mitgliedschaft (inklusive 30 Tage Geld-zurueck-Garantie);579237;20260225-LP2-YTC;Deutschland
Fugmann's Trading Woche;09.03.2026 21:02;Aktiv;Kreditkarte;Abonnement;89,0;EUR;Quartals Mitgliedschaft (inklusive 30 Tage Geld-zurueck-Garantie);579212;20260225-LP2-YTC;Deutschland
Fugmann's Trading Woche;09.03.2026 21:07;Aktiv;Google Pay;Abonnement;89,0;EUR;Quartals Mitgliedschaft (inklusive 30 Tage Geld-zurueck-Garantie);579212;20260225-LP2-YTC;Deutschland
Fugmann's Trading Woche;09.03.2026 21:07;Aktiv;Kreditkarte;Abonnement;89,0;EUR;Quartals Mitgliedschaft (inklusive 30 Tage Geld-zurueck-Garantie);579212;20260225-LP2-YTC;Deutschland
Fugmann's Trading Woche;09.03.2026 21:08;Aktiv;Sepa;Abonnement;169,0;EUR;Halbjahres Mitgliedschaft (inklusive 30 Tage Geld-zurueck-Garantie);579237;20260225-LP2-YTC;Deutschland
Fugmann's Trading Woche;09.03.2026 21:08;Aktiv;Sepa;Abonnement;89,0;EUR;Quartals Mitgliedschaft (inklusive 30 Tage Geld-zurueck-Garantie);579212;20260225-LP2-YTC;Deutschland
Fugmann's Trading Woche;09.03.2026 21:10;Aktiv;Sepa;Abonnement;89,0;EUR;Quartals Mitgliedschaft (inklusive 30 Tage Geld-zurueck-Garantie);579212;20260225-LP2-YTC;Deutschland
Fugmann's Trading Woche;09.03.2026 21:11;Aktiv;Google Pay;Abonnement;89,0;EUR;Quartals Mitgliedschaft (inklusive 30 Tage Geld-zurueck-Garantie);579212;20260225-LP2-YTC;Deutschland
Fugmann's Trading Woche;09.03.2026 21:11;Aktiv;Kreditkarte;Abonnement;89,0;EUR;Quartals Mitgliedschaft (inklusive 30 Tage Geld-zurueck-Garantie);579212;20260306-FMWWS-Banner;Deutschland
Fugmann's Trading Woche;09.03.2026 21:12;Aktiv;Sepa;Abonnement;89,0;EUR;Quartals Mitgliedschaft (inklusive 30 Tage Geld-zurueck-Garantie);579212;20260225-LP2-YTC;Deutschland
Fugmann's Trading Woche;09.03.2026 21:12;Aktiv;Sepa;Abonnement;297,0;EUR;Jahres Mitgliedschaft (inklusive 30 Tage Geld-zurueck-Garantie);460228;20260306-FMWWS-Banner;Deutschland
Fugmann's Trading Woche;09.03.2026 21:13;Aktiv;Sepa;Abonnement;297,0;EUR;Jahres Mitgliedschaft (inklusive 30 Tage Geld-zurueck-Garantie);460228;20260225-LP2-YTC;Deutschland
Fugmann's Trading Woche;09.03.2026 21:15;Aktiv;Kreditkarte;Abonnement;297,0;EUR;Jahres Mitgliedschaft (inklusive 30 Tage Geld-zurueck-Garantie);460228;20260225-LP2-YTC;Deutschland
Fugmann's Trading Woche;09.03.2026 21:16;Aktiv;Sepa;Abonnement;297,0;EUR;Jahres Mitgliedschaft (inklusive 30 Tage Geld-zurueck-Garantie);460228;20250211FMWWSNV;Deutschland
Fugmann's Trading Woche;09.03.2026 21:19;Aktiv;Sepa;Abonnement;89,0;EUR;Quartals Mitgliedschaft (inklusive 30 Tage Geld-zurueck-Garantie);579212;20260225-LP2-YTC;Deutschland
Fugmann's Trading Woche;09.03.2026 21:22;Aktiv;Sepa;Abonnement;297,0;EUR;Jahres Mitgliedschaft (inklusive 30 Tage Geld-zurueck-Garantie);460228;20260225-LP2-YTC;Deutschland
Fugmann's Trading Woche;09.03.2026 21:24;Aktiv;Sepa;Abonnement;297,0;EUR;Jahres Mitgliedschaft (inklusive 30 Tage Geld-zurueck-Garantie);460228;20260225-LP2-YTC;Deutschland
Fugmann's Trading Woche;09.03.2026 21:26;Aktiv;Sepa;Abonnement;89,0;EUR;Quartals Mitgliedschaft (inklusive 30 Tage Geld-zurueck-Garantie);579212;20260225-LP2-YTC;Deutschland
Fugmann's Trading Woche;09.03.2026 21:27;Aktiv;Sepa;Abonnement;89,0;EUR;Quartals Mitgliedschaft (inklusive 30 Tage Geld-zurueck-Garantie);579212;20260306-FMWWS-Banner;Deutschland
Fugmann's Trading Woche;09.03.2026 21:27;Aktiv;Kreditkarte;Abonnement;297,0;EUR;Jahres Mitgliedschaft (inklusive 30 Tage Geld-zurueck-Garantie);460228;20260225-LP2-YTC;Deutschland
Fugmann's Trading Woche;09.03.2026 21:28;Aktiv;Kreditkarte;Abonnement;89,0;EUR;Quartals Mitgliedschaft (inklusive 30 Tage Geld-zurueck-Garantie);579212;20260225-LP2-YTC;Deutschland
Fugmann's Trading Woche;09.03.2026 21:30;Aktiv;Sepa;Abonnement;297,0;EUR;Jahres Mitgliedschaft (inklusive 30 Tage Geld-zurueck-Garantie);460228;20260225-LP2-YTC;Deutschland
Fugmann's Trading Woche;09.03.2026 21:36;Aktiv;Sepa;Abonnement;297,0;EUR;Jahres Mitgliedschaft (inklusive 30 Tage Geld-zurueck-Garantie);460228;20260225-LP2-YTC;Deutschland
Fugmann's Trading Woche;09.03.2026 21:41;Aktiv;Sepa;Abonnement;89,0;EUR;Quartals Mitgliedschaft (inklusive 30 Tage Geld-zurueck-Garantie);579212;20260225-LP2-YTC;Deutschland
Fugmann's Trading Woche;09.03.2026 21:42;Aktiv;Sepa;Abonnement;89,0;EUR;Quartals Mitgliedschaft (inklusive 30 Tage Geld-zurueck-Garantie);579212;20260225-LP2-YTC;Deutschland
Fugmann's Trading Woche;09.03.2026 21:59;Aktiv;Sepa;Abonnement;89,0;EUR;Quartals Mitgliedschaft (inklusive 30 Tage Geld-zurueck-Garantie);579212;20260306-FMWWS-Banner;Deutschland
Fugmann's Trading Woche;09.03.2026 22:08;Aktiv;Kreditkarte;Abonnement;89,0;EUR;Quartals Mitgliedschaft (inklusive 30 Tage Geld-zurueck-Garantie);579212;20260225-LP2-YTC;Deutschland
Fugmann's Trading Woche;09.03.2026 22:09;Aktiv;Sepa;Abonnement;89,0;EUR;Quartals Mitgliedschaft (inklusive 30 Tage Geld-zurueck-Garantie);579212;20260225-LP2-YTC;Deutschland
Fugmann's Trading Woche;09.03.2026 22:16;Aktiv;Kreditkarte;Abonnement;89,0;EUR;Quartals Mitgliedschaft (inklusive 30 Tage Geld-zurueck-Garantie);579212;20260225-LP2-YTC;Schweiz
Fugmann's Trading Woche;09.03.2026 22:22;Aktiv;Sepa;Abonnement;169,0;EUR;Halbjahres Mitgliedschaft (inklusive 30 Tage Geld-zurueck-Garantie);579237;20260225-LP2-YTC;Deutschland
Fugmann's Trading Woche;09.03.2026 22:24;Aktiv;Kreditkarte;Abonnement;89,0;EUR;Quartals Mitgliedschaft (inklusive 30 Tage Geld-zurueck-Garantie);579212;20260225-LP2-YTC;Deutschland
Fugmann's Trading Woche;09.03.2026 22:30;Aktiv;Kreditkarte;Abonnement;297,0;EUR;Jahres Mitgliedschaft (inklusive 30 Tage Geld-zurueck-Garantie);460228;20260225-LP2-YTC;Deutschland
Fugmann's Trading Woche;09.03.2026 22:32;Aktiv;Google Pay;Abonnement;89,0;EUR;Quartals Mitgliedschaft (inklusive 30 Tage Geld-zurueck-Garantie);579212;20260225-LP2-YTC;Polen
Fugmann's Trading Woche;09.03.2026 22:33;Aktiv;Kreditkarte;Abonnement;89,0;EUR;Quartals Mitgliedschaft (inklusive 30 Tage Geld-zurueck-Garantie);579212;20260225-LP2-YTC;Polen
Fugmann's Trading Woche;09.03.2026 22:39;Aktiv;Sepa;Abonnement;89,0;EUR;Quartals Mitgliedschaft (inklusive 30 Tage Geld-zurueck-Garantie);579212;20260225-LP2-YTC;Deutschland
Fugmann's Trading Woche;09.03.2026 22:50;Aktiv;Kreditkarte;Abonnement;89,0;EUR;Quartals Mitgliedschaft (inklusive 30 Tage Geld-zurueck-Garantie);579212;20260225-LP2-YTC;Schweiz
Fugmann's Trading Woche;09.03.2026 22:53;Aktiv;Sepa;Abonnement;297,0;EUR;Jahres Mitgliedschaft (inklusive 30 Tage Geld-zurueck-Garantie);460228;20260225-LP2-YTC;Deutschland
Fugmann's Trading Woche;09.03.2026 22:57;Aktiv;Sepa;Abonnement;89,0;EUR;Quartals Mitgliedschaft (inklusive 30 Tage Geld-zurueck-Garantie);579212;20260225-LP2-YTC;Deutschland
Fugmann's Trading Woche;09.03.2026 22:57;Aktiv;Kreditkarte;Abonnement;89,0;EUR;Quartals Mitgliedschaft (inklusive 30 Tage Geld-zurueck-Garantie);579212;20260225-LP2-YTC;Deutschland
Fugmann's Trading Woche;09.03.2026 22:59;Aktiv;Kreditkarte;Abonnement;297,0;EUR;Jahres Mitgliedschaft (inklusive 30 Tage Geld-zurueck-Garantie);460228;20260225-LP2-YTC;Schweiz
